USE BlytzMegaplex

INSERT INTO msRefreshmentType VALUES ('RT001', 'Coffee')
INSERT INTO msRefreshmentType VALUES ('RT002', 'Soda')
INSERT INTO msRefreshmentType VALUES ('RT003', 'Juice')
INSERT INTO msRefreshmentType VALUES ('RT004', 'Tea')
INSERT INTO msRefreshmentType VALUES ('RT005', 'Other Beverages')
INSERT INTO msRefreshmentType VALUES ('RT006', 'Western Food')
INSERT INTO msRefreshmentType VALUES ('RT007', 'Heavy Snacks')
INSERT INTO msRefreshmentType VALUES ('RT008', 'Traditional Food')
INSERT INTO msRefreshmentType VALUES ('RT009', 'Eastern Food')
INSERT INTO msRefreshmentType VALUES ('RT010', 'Light Snacks')

INSERT INTO msMovie VALUES ('MV001', 'The Godfather', '#616795', '178')
INSERT INTO msMovie VALUES ('MV002', 'The Dark Knight', '#231467', '152')
INSERT INTO msMovie VALUES ('MV003', 'Titanic', '#776464', '195')
INSERT INTO msMovie VALUES ('MV004', 'Avengers: Endgame', '#505419', '182')
INSERT INTO msMovie VALUES ('MV005', 'The Lord of the Rings: The Return of the King', '#369041', '200')
INSERT INTO msMovie VALUES ('MV006', 'Avengers: Infinity War', '#995472', '160')
INSERT INTO msMovie VALUES ('MV007', 'Star Wars: The Force Awakens', '#694986', '135')
INSERT INTO msMovie VALUES ('MV008', 'Star Wars: Episode IV - A New Hope', '#079613', '125')
INSERT INTO msMovie VALUES ('MV009', 'Avatar', '#577213', '162')
INSERT INTO msMovie VALUES ('MV010', 'Jurassic Park', '#573631', '127')
INSERT INTO msMovie VALUES ('MV011', 'Toy Story 3', '#144165', '108')
INSERT INTO msMovie VALUES ('MV012', 'Harry Potter and the Deathly Hallows - Part 2', '#180531', '130')
INSERT INTO msMovie VALUES ('MV013', 'Joker', '#368967', '122')
INSERT INTO msMovie VALUES ('MV014', 'Frozen 2', '#261534', '103')
INSERT INTO msMovie VALUES ('MV015', 'The Lion King', '#236137', '108')

INSERT INTO msStudio VALUES('ST001','Satina Studio','50000')
INSERT INTO msStudio VALUES('ST002','Fiz Studio','60000')
INSERT INTO msStudio VALUES('ST004','Saint Studio','65000')
INSERT INTO msStudio VALUES('ST005','Lala Studio','40000')
INSERT INTO msStudio VALUES('ST006','Satinariti Studio','35000')
INSERT INTO msStudio VALUES('ST007','Blue Studio','65000')
INSERT INTO msStudio VALUES('ST008','Violet Studio','42000')
INSERT INTO msStudio VALUES('ST009','Eighter Studio','61000')
INSERT INTO msStudio VALUES('ST010','Prometheus Studio','45000')
INSERT INTO msStudio VALUES('ST011','Vinland Studio','48000')
INSERT INTO msStudio VALUES('ST012','Kris Studio','51000')
INSERT INTO msStudio VALUES('ST013','Castleland Studio','52000')
INSERT INTO msStudio VALUES('ST014','Satintin Studio','58000')
INSERT INTO msStudio VALUES('ST015','Fortine Studio','60000')
INSERT INTO msStudio VALUES('ST016','Mantul Studio','65000')

INSERT INTO msStaff VALUES ('SF001','Jeremy Laurentius', 'jerlau@yahoo.com', 'Male', '1998/12/25', '081244239856', 'Harapan Indah Blok HO No. 21')  
INSERT INTO msStaff VALUES ('SF002','Rendy Pujipto', 'rpujiptos@gmail.com', 'Male', '1995/1/4', '081776688110', 'Kebon Jeruk Raya No. 25')  
INSERT INTO msStaff VALUES ('SF003','Nurafifah Abigail Anggrek', 'naanggrek@gmail.com', 'Female', '2000/5/30', '085217785120', 'Perum. Slipi Raya Blok IJ No. 15')  
INSERT INTO msStaff VALUES ('SF004','Albertus Norbetus', 'albertusns@yahoo.com', 'Male', '2001/8/21', '081244758357', 'Taman Harapan Baru Blok HI No. 4')  
INSERT INTO msStaff VALUES ('SF005','Selvia Rahma Pratiwi', 'selviarp@hotmail.com', 'Female', '1998/11/7', '085212241058', 'Perum. Regency Blok BB No. 25')  
INSERT INTO msStaff VALUES ('SF006','Kayla Abigail', 'kbigail@yahoo.com', 'Female', '1999/7/23', '081277562396', 'Cluster Ifolia II No. 34')  
INSERT INTO msStaff VALUES ('SF007','Guntur Jaya Setiadji', 'gunturjayse@gmail.com', 'Male', '2000/3/14', '089157760990', 'Perum. Pejuang Medan Satria No. 8')  
INSERT INTO msStaff VALUES ('SF008','Jonathan Robert', 'jonabert@gmail.com', 'Male', '1996/8/5', '085211234456', 'Pondok Ungu Permai Blok HH No. 30')  
INSERT INTO msStaff VALUES ('SF009','Christy Princessa', 'christyp@yahoo.com', 'Female', '1998/6/5', '0812899567856', 'Perum. Kebon Sirih Kav.21 No. 15')  
INSERT INTO msStaff VALUES ('SF010','Hansen Aristo', 'aristosen@yahoo.com', 'Male', '2000/3/11', '081290091234', 'Cluster Asia Tropis No. 22/11')  
INSERT INTO msStaff VALUES ('SF011','Renata Refina', 'refinairen@yahoo.com', 'Female', '2001/1/7', '08715674123', 'Cluster Taman Sari Blok JJ No. 10')  
INSERT INTO msStaff VALUES ('SF012','Ferry Himawan', 'ferryhimawan@gmail.com', 'Male', '2000/2/6', '0856711423576', 'Harapan Indah Blok AA No. 1')  
INSERT INTO msStaff VALUES ('SF013','Jodi Lim', 'jodi.lim@gmail.com', 'Male', '1999/10/11', '08889554275', 'Perum. Taman Modern I Blok LK No. 21')  
INSERT INTO msStaff VALUES ('SF014','Bening Rahmadinda Osmayani', 'bening.osmayani@gmail.com', 'Female', '2000/5/2', '087156237581', 'Perum. Kalimalang IV No. 12')  
INSERT INTO msStaff VALUES ('SF015','Rafaella Shiene Wijaya', 'rafshiene@gmail.com', 'Female', '1999/4/21', '085670014551', 'Cluster Heliconia Blok AS No. 17')  

INSERT INTO msRefreshment VALUES ('RE001', 'RT001', 'Espresso Shot', '15000', '200')
INSERT INTO msRefreshment VALUES ('RE002', 'RT001', 'Iced Americano', '17000', '200')
INSERT INTO msRefreshment VALUES ('RE003', 'RT002', 'Sprite', '20000', '500')
INSERT INTO msRefreshment VALUES ('RE004', 'RT002', 'Coca Cola', '20000', '500')
INSERT INTO msRefreshment VALUES ('RE005', 'RT003', 'Chocolate Avocado', '25000', '200')
INSERT INTO msRefreshment VALUES ('RE006', 'RT003', 'Sparkling Orange', '23000', '200')
INSERT INTO msRefreshment VALUES ('RE007', 'RT004', 'Roasted Milk Tea', '22000', '150')
INSERT INTO msRefreshment VALUES ('RE008', 'RT004', 'Lemon Tea', '20000', '180')
INSERT INTO msRefreshment VALUES ('RE009', 'RT005', 'Mineral Water', '13000', '200')
INSERT INTO msRefreshment VALUES ('RE010', 'RT006', 'Nachos', '30000', '100')
INSERT INTO msRefreshment VALUES ('RE011', 'RT006', 'Chips', '28000', '100')
INSERT INTO msRefreshment VALUES ('RE012', 'RT007', 'Cheese Burger', '35000', '150')
INSERT INTO msRefreshment VALUES ('RE013', 'RT007', 'Grilled Sausage', '27000', '135')
INSERT INTO msRefreshment VALUES ('RE014', 'RT008', 'Ketoprak', '32000', '100')
INSERT INTO msRefreshment VALUES ('RE015', 'RT008', 'Gado - Gado', '30000', '125')
INSERT INTO msRefreshment VALUES ('RE016', 'RT009', 'Beef Kebab', '35000', '100')
INSERT INTO msRefreshment VALUES ('RE017', 'RT009', 'Lamb Kebab', '38000', '80')
INSERT INTO msRefreshment VALUES ('RE018', 'RT010', 'French Fries', '28000', '300')
INSERT INTO msRefreshment VALUES ('RE019', 'RT010', 'Caramel Popcorn', '30000', '400')
INSERT INTO msRefreshment VALUES ('RE020', 'RT010', 'Salted Popcorn', '25000', '500')
INSERT INTO msRefreshment VALUES ('RE021', 'RT010', 'Sweet Popcorn', '25000', '500')

INSERT INTO trMovieSale VALUES('MTr001','SF015','20191228 10:38:05 AM')
INSERT INTO trMovieSale VALUES('MTr002','SF003','20191229 07:20:37 PM')
INSERT INTO trMovieSale VALUES('MTr003','SF004','20191230 03:47:12 PM')
INSERT INTO trMovieSale VALUES('MTr004','SF003','20191231 11:12:13 AM')
INSERT INTO trMovieSale VALUES('MTr005','SF014','20191231 04:09:46 PM')
INSERT INTO trMovieSale VALUES('MTr006','SF012','20191231 05:16:00 PM')
INSERT INTO trMovieSale VALUES('MTr007','SF001','20191231 05:20:01 PM')
INSERT INTO trMovieSale VALUES('MTr008','SF002','20200105 11:56:42 PM')
INSERT INTO trMovieSale VALUES('MTr009','SF009','20200115 09:35:22 AM')
INSERT INTO trMovieSale VALUES('MTr010','SF008','20200130 08:42:12 AM')
INSERT INTO trMovieSale VALUES('MTr011','SF005','20200130 10:20:32 AM')
INSERT INTO trMovieSale VALUES('MTr012','SF006','20200131 08:10:06 PM')
INSERT INTO trMovieSale VALUES('MTr013','SF007','20200201 06:53:04 PM')
INSERT INTO trMovieSale VALUES('MTr014','SF010','20200203 03:34:41 PM')
INSERT INTO trMovieSale VALUES('MTr015','SF011','20200205 12:32:45 PM')
INSERT INTO trMovieSale VALUES('MTr016','SF014','20200207 05:30:56 PM')
INSERT INTO trMovieSale VALUES('MTr017','SF013','20200207 06:40:11 AM')
INSERT INTO trMovieSale VALUES('MTr018','SF011','20200210 02:13:04 PM')
INSERT INTO trMovieSale VALUES('MTr019','SF012','20200217 01:44:30 PM')
INSERT INTO trMovieSale VALUES('MTr020','SF003','20200220 03:01:39 PM')
INSERT INTO trMovieSale VALUES('MTr021','SF004','20200225 05:32:12 PM')
INSERT INTO trMovieSale VALUES('MTr022','SF005','20200226 07:52:09 PM')
INSERT INTO trMovieSale VALUES('MTr023','SF015','20200226 08:41:59 PM')
INSERT INTO trMovieSale VALUES('MTr024','SF015','20200228 04:55:48 PM')
INSERT INTO trMovieSale VALUES('MTr025','SF003','20200303 09:54:31 PM')
INSERT INTO trMovieSale VALUES('MTr026','SF004','20200303 11:13:27 AM')
INSERT INTO trMovieSale VALUES('MTr027','SF003','20200304 08:30:19 AM')
INSERT INTO trMovieSale VALUES('MTr028','SF014','20200305 07:23:01 AM')
INSERT INTO trMovieSale VALUES('MTr029','SF012','20200306 09:45:00 AM')
INSERT INTO trMovieSale VALUES('MTr030','SF001','20200306 10:51:23 AM')

INSERT INTO trRefreshmentSale VALUES('RTr001','SF015','20191228 10:38:05 AM')
INSERT INTO trRefreshmentSale VALUES('RTr002','SF003','20191229 07:20:37 PM')
INSERT INTO trRefreshmentSale VALUES('RTr003','SF004','20191230 03:47:12 PM')
INSERT INTO trRefreshmentSale VALUES('RTr004','SF003','20191231 11:12:13 AM')
INSERT INTO trRefreshmentSale VALUES('RTr005','SF014','20191231 04:09:46 PM')
INSERT INTO trRefreshmentSale VALUES('RTr006','SF012','20191231 05:16:00 PM')
INSERT INTO trRefreshmentSale VALUES('RTr007','SF001','20191231 05:20:01 PM')
INSERT INTO trRefreshmentSale VALUES('RTr008','SF002','20200105 11:56:42 PM')
INSERT INTO trRefreshmentSale VALUES('RTr009','SF009','20200115 09:35:22 AM')
INSERT INTO trRefreshmentSale VALUES('RTr010','SF008','20200130 08:42:12 AM')
INSERT INTO trRefreshmentSale VALUES('RTr011','SF005','20200130 10:20:32 AM')
INSERT INTO trRefreshmentSale VALUES('RTr012','SF006','20200131 08:10:06 PM')
INSERT INTO trRefreshmentSale VALUES('RTr013','SF007','20200201 06:53:04 PM')
INSERT INTO trRefreshmentSale VALUES('RTr014','SF010','20200203 03:34:41 PM')
INSERT INTO trRefreshmentSale VALUES('RTr015','SF011','20200205 12:32:45 PM')
INSERT INTO trRefreshmentSale VALUES('RTr016','SF014','20200207 05:30:56 PM')
INSERT INTO trRefreshmentSale VALUES('RTr017','SF013','20200207 06:40:11 AM')
INSERT INTO trRefreshmentSale VALUES('RTr018','SF011','20200210 02:13:04 PM')
INSERT INTO trRefreshmentSale VALUES('RTr019','SF012','20200217 01:44:30 PM')
INSERT INTO trRefreshmentSale VALUES('RTr020','SF003','20200220 03:01:39 PM')
INSERT INTO trRefreshmentSale VALUES('RTr021','SF004','20200225 05:32:12 PM')
INSERT INTO trRefreshmentSale VALUES('RTr022','SF005','20200226 07:52:09 PM')
INSERT INTO trRefreshmentSale VALUES('RTr023','SF015','20200226 08:41:59 PM')
INSERT INTO trRefreshmentSale VALUES('RTr024','SF015','20200228 04:55:48 PM')
INSERT INTO trRefreshmentSale VALUES('RTr025','SF003','20200303 09:54:31 PM')
INSERT INTO trRefreshmentSale VALUES('RTr026','SF004','20200303 11:13:27 AM')
INSERT INTO trRefreshmentSale VALUES('RTr027','SF003','20200304 08:30:19 AM')
INSERT INTO trRefreshmentSale VALUES('RTr028','SF014','20200305 07:23:01 AM')
INSERT INTO trRefreshmentSale VALUES('RTr029','SF012','20200306 09:45:00 AM')
INSERT INTO trRefreshmentSale VALUES('RTr030','SF001','20200306 10:51:23 AM')

INSERT INTO trDetailRefreshmentSale VALUES('RTr001', 'RE011', '8')
INSERT INTO trDetailRefreshmentSale VALUES('RTr001', 'RE010', '2')
INSERT INTO trDetailRefreshmentSale VALUES('RTr001', 'RE007', '4')
INSERT INTO trDetailRefreshmentSale VALUES('RTr002', 'RE017', '8')
INSERT INTO trDetailRefreshmentSale VALUES('RTr003', 'RE017', '9')
INSERT INTO trDetailRefreshmentSale VALUES('RTr003', 'RE016', '2')
INSERT INTO trDetailRefreshmentSale VALUES('RTr003', 'RE010', '1')
INSERT INTO trDetailRefreshmentSale VALUES('RTr004', 'RE004', '10')
INSERT INTO trDetailRefreshmentSale VALUES('RTr005', 'RE013', '6')
INSERT INTO trDetailRefreshmentSale VALUES('RTr006', 'RE015', '1')
INSERT INTO trDetailRefreshmentSale VALUES('RTr007', 'RE007', '9')
INSERT INTO trDetailRefreshmentSale VALUES('RTr008', 'RE015', '5')
INSERT INTO trDetailRefreshmentSale VALUES('RTr009', 'RE006', '2')
INSERT INTO trDetailRefreshmentSale VALUES('RTr010', 'RE015', '10')
INSERT INTO trDetailRefreshmentSale VALUES('RTr011', 'RE016', '3')
INSERT INTO trDetailRefreshmentSale VALUES('RTr012', 'RE018', '2')
INSERT INTO trDetailRefreshmentSale VALUES('RTr013', 'RE003', '3')
INSERT INTO trDetailRefreshmentSale VALUES('RTr014', 'RE020', '5')
INSERT INTO trDetailRefreshmentSale VALUES('RTr015', 'RE014', '6')
INSERT INTO trDetailRefreshmentSale VALUES('RTr016', 'RE018', '2')
INSERT INTO trDetailRefreshmentSale VALUES('RTr017', 'RE012', '1')
INSERT INTO trDetailRefreshmentSale VALUES('RTr018', 'RE008', '8')
INSERT INTO trDetailRefreshmentSale VALUES('RTr019', 'RE007', '9')
INSERT INTO trDetailRefreshmentSale VALUES('RTr020', 'RE006', '2')
INSERT INTO trDetailRefreshmentSale VALUES('RTr021', 'RE009', '9')
INSERT INTO trDetailRefreshmentSale VALUES('RTr022', 'RE015', '3')
INSERT INTO trDetailRefreshmentSale VALUES('RTr023', 'RE001', '8')
INSERT INTO trDetailRefreshmentSale VALUES('RTr024', 'RE012', '10')
INSERT INTO trDetailRefreshmentSale VALUES('RTr025', 'RE010', '10')
INSERT INTO trDetailRefreshmentSale VALUES('RTr026', 'RE005', '10')
INSERT INTO trDetailRefreshmentSale VALUES('RTr027', 'RE011', '10')
INSERT INTO trDetailRefreshmentSale VALUES('RTr028', 'RE020', '7')
INSERT INTO trDetailRefreshmentSale VALUES('RTr029', 'RE003', '2')
INSERT INTO trDetailRefreshmentSale VALUES('RTr030', 'RE004', '8')

INSERT INTO trSchedule VALUES('MS001','MV012', 'ST014', '20191228', '11:30:00 AM')
INSERT INTO trSchedule VALUES('MS002','MV015', 'ST007', '20191229', '09:00:00 PM')
INSERT INTO trSchedule VALUES('MS003','MV004', 'ST012', '20191230', '03:50:00 PM')
INSERT INTO trSchedule VALUES('MS004','MV014', 'ST011', '20191231', '12:00:00 AM')
INSERT INTO trSchedule VALUES('MS005','MV001', 'ST009', '20191231', '04:30:00 PM')
INSERT INTO trSchedule VALUES('MS006','MV014', 'ST008', '20191231', '05:30:00 PM')
INSERT INTO trSchedule VALUES('MS007','MV004', 'ST015', '20191231', '06:30:00 PM')
INSERT INTO trSchedule VALUES('MS008','MV008', 'ST004', '20200105', '12:00:00 PM')
INSERT INTO trSchedule VALUES('MS009','MV006', 'ST014', '20200115', '11:30:00 AM')
INSERT INTO trSchedule VALUES('MS010','MV005', 'ST010', '20200130', '09:30:00 AM')
INSERT INTO trSchedule VALUES('MS011','MV007', 'ST002', '20200130', '10:20:00 AM')
INSERT INTO trSchedule VALUES('MS012','MV014', 'ST006', '20200131', '09:00:00 PM')
INSERT INTO trSchedule VALUES('MS013','MV001', 'ST015', '20200201', '07:30:00 PM')
INSERT INTO trSchedule VALUES('MS014','MV007', 'ST004', '20200203', '04:00:00 PM')
INSERT INTO trSchedule VALUES('MS015','MV004', 'ST009', '20200205', '01:30:00 PM')
INSERT INTO trSchedule VALUES('MS016','MV001', 'ST008', '20200207', '06:00:00 PM')
INSERT INTO trSchedule VALUES('MS017','MV009', 'ST013', '20200207', '07:00:00 AM')
INSERT INTO trSchedule VALUES('MS018','MV007', 'ST001', '20200210', '02:30:00 PM')
INSERT INTO trSchedule VALUES('MS019','MV005', 'ST002', '20200217', '02:00:00 PM')
INSERT INTO trSchedule VALUES('MS020','MV010', 'ST003', '20200220', '03:00:00 PM')
INSERT INTO trSchedule VALUES('MS021','MV012', 'ST010', '20200225', '06:40:00 PM')
INSERT INTO trSchedule VALUES('MS022','MV014', 'ST011', '20200226', '08:10:00 PM')
INSERT INTO trSchedule VALUES('MS023','MV012', 'ST006', '20200226', '09:10:00 PM')
INSERT INTO trSchedule VALUES('MS024','MV002', 'ST012', '20200228', '05:30:00 PM')
INSERT INTO trSchedule VALUES('MS025','MV011', 'ST003', '20200303', '10:00:00 PM')
INSERT INTO trSchedule VALUES('MS026','MV004', 'ST005', '20200303', '11:30:00 AM')
INSERT INTO trSchedule VALUES('MS027','MV004', 'ST001', '20200304', '08:30:00 AM')
INSERT INTO trSchedule VALUES('MS028','MV013', 'ST013', '20200305', '08:00:00 AM')
INSERT INTO trSchedule VALUES('MS029','MV004', 'ST007', '20200306', '10:10:00 AM')
INSERT INTO trSchedule VALUES('MS030','MV010', 'ST005', '20200306', '11:00:00 AM')

INSERT INTO trDetailMovieSale VALUES ('MTr001','MS001','3')
INSERT INTO trDetailMovieSale VALUES ('MTr001','MS002','2')
INSERT INTO trDetailMovieSale VALUES ('MTr001','MS003','1')
INSERT INTO trDetailMovieSale VALUES ('MTr002','MS002','1')
INSERT INTO trDetailMovieSale VALUES ('MTr002','MS007','4')
INSERT INTO trDetailMovieSale VALUES ('MTr003','MS003','10')
INSERT INTO trDetailMovieSale VALUES ('MTr004','MS004','1')
INSERT INTO trDetailMovieSale VALUES ('MTr004','MS008','2')
INSERT INTO trDetailMovieSale VALUES ('MTr005','MS005','6')
INSERT INTO trDetailMovieSale VALUES ('MTr006','MS006','3')
INSERT INTO trDetailMovieSale VALUES ('MTr007','MS007','10')
INSERT INTO trDetailMovieSale VALUES ('MTr008','MS008','4')
INSERT INTO trDetailMovieSale VALUES ('MTr008','MS001','2')
INSERT INTO trDetailMovieSale VALUES ('MTr008','MS009','3')
INSERT INTO trDetailMovieSale VALUES ('MTr009','MS009','3')
INSERT INTO trDetailMovieSale VALUES ('MTr010','MS010','10')
INSERT INTO trDetailMovieSale VALUES ('MTr011','MS011','4')
INSERT INTO trDetailMovieSale VALUES ('MTr012','MS012','4')
INSERT INTO trDetailMovieSale VALUES ('MTr013','MS013','10')
INSERT INTO trDetailMovieSale VALUES ('MTr014','MS014','2')
INSERT INTO trDetailMovieSale VALUES ('MTr015','MS015','10')
INSERT INTO trDetailMovieSale VALUES ('MTr016','MS016','7')
INSERT INTO trDetailMovieSale VALUES ('MTr017','MS017','3')
INSERT INTO trDetailMovieSale VALUES ('MTr018','MS018','1')
INSERT INTO trDetailMovieSale VALUES ('MTr019','MS019','4')
INSERT INTO trDetailMovieSale VALUES ('MTr020','MS020','6')
INSERT INTO trDetailMovieSale VALUES ('MTr021','MS021','9')
INSERT INTO trDetailMovieSale VALUES ('MTr022','MS022','6')
INSERT INTO trDetailMovieSale VALUES ('MTr023','MS023','10')
INSERT INTO trDetailMovieSale VALUES ('MTr024','MS024','4')
INSERT INTO trDetailMovieSale VALUES ('MTr025','MS025','6')
INSERT INTO trDetailMovieSale VALUES ('MTr026','MS026','2')
INSERT INTO trDetailMovieSale VALUES ('MTr027','MS027','7')
INSERT INTO trDetailMovieSale VALUES ('MTr028','MS028','8')
INSERT INTO trDetailMovieSale VALUES ('MTr029','MS029','10')
INSERT INTO trDetailMovieSale VALUES ('MTr030','MS030','6')